{
  "name": "Substrate Node template",
  "context": "..",
  "settings": {
    "terminal.integrated.shell.linux": "/bin/bash",
    "lldb.executable": "/usr/bin/lldb"
  },
  "extensions": [
    "rust-lang.rust",
    "bungcip.better-toml",
    "vadimcn.vscode-lldb"
  ],
  "forwardPorts": [
    3000,
    9944
  ],
  "onCreateCommand": ["cargo build", "cargo check"],
  "postStartCommand": "./target/debug/appchain-barnacle --dev --ws-external",
  "menuActions": [
    {"id": "polkadotjs",
     "label": "Open PolkadotJS Apps",
     "type": "external-preview",
     "args": ["https://polkadot.js.org/apps/?rpc=wss%3A%2F%2F/$HOST/wss"]}
  ]
}
